id,codes
1,V120HN41
2,JS4UMH6Z
3,18PYZI6W
4,OV6FGKBW
5,SDVUTFBU
6,EC57CZ52
7,BHFNRMJX
8,F8X8Z5VB
9,X2EHFMO9
10,TWPC23SR
11,6E8N4BNG
12,9GY438XY
13,Y65776MD
14,7AWKV311
15,J64RE59C
16,2OIK6YGE
17,1GV2Z0B5
18,9W1R32KB
19,SANRE7IO
20,I72FVS5N
21,CS4IXB95
22,3NCOXE95
23,ZYGBAJI5
24,JP5DWZHT
25,OYX924EP
26,4G12RFB1
27,VXG2YD35
28,M646MCKC
29,SQH7VBZ1
30,T3TOK2JB
31,W08BK0LN
32,5M6WQUI6
33,BOUT6DMM
34,3KRU5I69
35,UZLNV6EU
36,MTPXTYUH
37,72JAACDI
38,XDSTGI6A
39,LMEI1N1W
40,QT8GQDJ8
41,FEXJ53MR
42,9EP0IZIG
43,23MFCZMV
44,0WF52B58
45,5W2LIQVJ
46,2RNB0SOU
47,CTHC0GOB
48,MMFQBA5A
49,U2N5SG1X
50,2BTLBC01
51,Q02QTDX3
52,06P1MMPO
53,DZH4HMU4
54,ZWYJZCIJ
55,CHHZURDN
56,OO0KRB01
57,0J0NCTJH
58,DNKRIP7W
59,ZM0A21GC
60,97NKMSV5
61,WI8ZGDKY
62,UNFGDWRJ
63,8UUDAI2H
64,Q4D8IUKG
65,J2TRQIVZ
66,OAUUQ5DP
67,5N7RVAB3
68,C6O2TEGW
69,8927OD0C
70,2BW55QW8
71,7RN09JTY
72,6NOEZI70
73,WN9FNVLQ
74,LPG5YKEC
75,KP7SPM9K
76,O29MTS0E
77,EDLNP8NV
78,O4QDWXOQ
79,7J1PJ1FB
80,EYQ8ANWJ
81,SN25UDI5
82,YCD9EU6S
83,MKJEGQYO
84,CABNG65I
85,3WSNRJLC
86,0MKD3X7I
87,A9F97GIY
88,FTE31RD3
89,3IKLKO5P
90,W4F0SIB7
91,40TW01XV
92,NCUYKC18
93,NBE109L1
94,8A1UY2MV
95,SDW92L02
96,L6E4BUPP
97,MWTHF7DR
98,2CS4LHGF
99,CBD52E8G
100,QMGWKC2O
101,0GIUV2VB
102,SKC2GL35
103,1R59UNJI
104,JJX379CL
105,5Y2JVFL1
106,NO0M8PHR
107,BBFGE8FC
108,E1IP3F9R
109,1HS4QB1P
110,K37UEFHF
111,SE6FREKS
112,J1GTI7M9
113,CYG18BWB
114,715PEGE3
115,YSAGTV31
116,3GY3LG99
117,67SGDH9B
118,Z6HFRM8N
119,M10APX4A
120,9BH7ZFQ8
121,4V7UGDZ9
122,OOF0WOY1
123,ZDEF0MVZ
124,RWV59NFZ
125,XKQQ4VHW
126,3OM162KQ
127,MEUA4MH8
128,Y0RKMVZS
129,JDITMO4G
130,KKG9P9KL
131,YDW2J64M
132,RSX7VVBP
133,DICGRLAF
134,5C5BYS6K
135,U25GPZX4
136,Z4VQHSCF
137,WQLCWF8W
138,0Y04VMRV
139,PMFUQI2N
140,FE7GX2KO
141,NQ2TTXIB
142,2XUB894P
143,1SWHMSYT
144,MBZ3R99D
145,ZKHA03WY
146,D1VXV431
147,L8Y90JK7
148,6GIIQSSU
149,5ZBORGQE
150,9IUR2EOB
151,M8RJG6LW
152,KPO08HLX
153,DXPXNFB7
154,MMVGSUM2
155,2VQWO0AW
156,FZFAGUR5
157,V55N5XC6
158,RHAEI5RY
159,TH1DTNYT
160,M42N89A1
161,KE03IRVP
162,W8VJONP0
163,VYCKP45A
164,JVRYVBV6
165,9N3P5CEH
166,7756JMPX
167,HES4W6HU
168,XSYE752X
169,M929ZHEI
170,LU3GTVWF
171,GI26R39U
172,ZX3YPUYU
173,O01HJ9LF
174,O7WATNNE
175,WZVESSP9
176,DI7H6T0V
177,T0K7ZNYR
178,APHPIRMY
179,CL516IOU
180,LOZALRU5
181,X6ND0L3O
182,5EX8W4IB
183,5FMR7I7D
184,3BB4S6U7
185,LAZAJYH3
186,DSGZNHQC
187,JEDH87UK
188,ZQ2DRSK6
189,Q0ZCP423
190,CI5Q015B
191,39ZGZP3F
192,CWMBXNMH
193,7331DK1O
194,4MAAX5E3
195,A3NRGVYX
196,ALO0DGFR
197,IZ6EPW9B
198,GMVKO8DF
199,YORU5X55
200,VJXYLPK3
201,JOKSIXAR
202,CBZF3VII
203,6Q1RUSZL
204,CYXFD40G
205,ZDBXE83S
206,AUXZSCUP
207,SSAL7XOV
208,RBTX9PRX
209,77MVVNQ4
210,A8FN24SA
211,VFCTUZ20
212,J42W8NT7
213,03B3T6S4
214,49SXE1XG
215,F2LPFXE7
216,4GDYYDS6
217,XMAG0J3Y
218,YB6ZP6S0
219,2GBB1KMG
220,CI876WW9
221,5LDJSXJ7
222,K6JZ65R6
223,G5YYLYXD
224,8SMT4WI8
225,N4ADBM58
226,5QP7ZO08
227,SZIVQGXY
228,XWD5HG4H
229,3UE0XN1K
230,BTEO9EA7
231,455TIODJ
232,7NMBX3PI
233,8U1RZYM0
234,NIQNIV3X
235,BOVATKN2
236,LH3WVAEP
237,2FPA6553
238,UAH9VH1I
239,34FQ1SNC
240,LMQ74IZU
241,MULULEWS
242,6HGRV9JK
243,21JM43IG
244,YCIU11ZF
245,E1HLDDW2
246,JEN65ZHJ
247,N3SFCTO9
248,RSR8G1FW
249,HL1QZ8AY
250,NQ7HYVCE
251,2UXGCKNN
252,9BCTTRS8
253,OWNTKTD5
254,4U0GGW8L
255,XABH4VEC
256,WHS8GPB5
257,Y2X3XPWB
258,YFVA019P
259,PPH30T63
260,T15QKOGK
261,W1OF0573
262,Q9591NY7
263,KOA0DIM2
264,OWRVL730
265,6A88EY8A
266,WDQM3IZG
267,YIG1GK4Y
268,SZQG5GHI
269,6OPBUS1X
270,3SOXGXRL
271,31VWKCZU
272,D48HOUI8
273,YEYPWQH1
274,2ZO94552
275,HYAE0ZW5
276,RT5TEIZ3
277,W0BSJVMZ
278,LC7Z7ETO
279,6PJMUIM1
280,NPVO99IR
281,I0WDDY0I
282,I0M7862V
283,GDYA5SEI
284,ZAYIO41J
285,NOU99ZLC
286,5TEJPMSA
287,TTKI5092
288,QFX63JRN
289,UQCWRRJL
290,7F3JFD76
291,AJAE1KMX
292,JZFRB2FY
293,P75U0IY4
294,2K4EH1YK
295,24LU1QY7
296,DR16K7PC
297,XSN1G28L
298,TPSMD81K
299,6ZS0U001
300,Z67WU2G3
301,02EB8M87
302,DYGSG7AJ
303,WFH0PVP3
304,W7W8EIAK
305,1TZYEBE9
306,ZET3MWPA
307,NEDBZZPA
308,ZSF5CXVU
309,2FJ3L4CH
310,IN6IC019
311,1SLF77DZ
312,8OZF0132
313,Q970VIDL
314,NNDM8V6E
315,E75L072X
316,HBR355X4
317,DQCQLTU5
318,ODVUVJM1
319,4NPND3AF
320,8Y68VKR5
321,6UD3J3Z8
322,A8DUOSIG
323,VZZ2ZUDV
324,6OJZZO1A
325,70GTKBVU
326,6WLORNA0
327,C8WWRC3C
328,XH08PR26
329,WIX8NULA
330,4TK9S1J6
331,0L8P5XCB
332,PR2I1Y4C
333,KBIQKIHZ
334,0ISZBCNM
335,4KRQC0KA
336,63ZZ8H8S
337,NNAPA8MQ
338,1V2NLMEI
339,UDKCEVIT
340,9GZZZ4WR
341,BZLSOV1S
342,MTCTEY0A
343,87PJ67I9
344,Q7DESU6R
345,4PHEUEE0
346,Q6GM924T
347,GQD32QS9
348,WSCHK3G2
349,3W1UWZIQ
350,PL1BL9K5
351,0IAE36PI
352,AHPVTX3P
353,W9I16DI5
354,FHJM2GW2
355,ZMKK379F
356,FPALIBCA
357,NY8Z8IJ7
358,O4MTTZST
359,8KDEE7O1
360,VW9I76AL
361,0538SJVZ
362,QX6G3MW5
363,8Q8FPEJ3
364,OPAPEQGE
365,T00HYKJP
366,KUMNXRUV
367,JTUB80YD
368,U6EQTHKR
369,GKKINWGG
370,90AJSUZM
371,CAU79S2F
372,43D8TA38
373,ASEFUPE1
374,GKQAEJEH
375,39RYUWDQ
376,OUDDQTU5
377,27ESIKRK
378,5ERCKTBH
379,H167V24W
380,HUO5WVUP
381,ZYDL10Q1
382,BG1VYWPO
383,BL6Y8XBA
384,17T7OP8U
385,T52QLE0C
386,APIFU2A7
387,P8PPDLC0
388,LFTA81KN
389,5AMNZW0V
390,EK64A5LJ
391,P0BS97TP
392,Y76KADW3
393,LEHF3LPP
394,TS2OFGTH
395,PNM6B4MP
396,XLN48PGQ
397,BPM415CF
398,4AY1L7GX
399,0UJRDE7E
400,BTQ0B09V
401,815DOO6V
402,YDE8GXGX
403,0C8KKVVY
404,P9WQS91J
405,WA2KLWGG
406,ZXHC0UH6
407,JELIE451
408,S8081X5A
409,6WR91JQ8
410,6WT9UA23
411,6HFI7UMG
412,IVWVCGJ3
413,GHWL1KYZ
414,QIZPL5LX
415,Z02VXZOZ
416,3K1UV5XY
417,B70A1OM8
418,Q2XID5NW
419,UTPPP6WO
420,66U3Q8LW
421,F7Q5JZG9
422,AITPDA8H
423,P0EBLXS9
424,3RBVPXF3
425,PPHO153E
426,MJ8JJQ76
427,E8H9KXXR
428,KYNLYIV2
429,8FMTDC2G
430,SAV4BHPI
431,18KZ1E1B
432,UWN3UDEO
433,7GSBWW4M
434,1WLJOEEI
435,CAOUXM17
436,BWWQTQF1
437,OYJK4SAY
438,H72MPTK0
439,RZ6RA4CR
440,3T3G9XDR
441,FJXUY6SC
442,68F0Y1NB
443,NUBEY4QV
444,2RJYGV2H
445,U780YGTB
446,CXOAY77U
447,GBWFBLO9
448,2OS9CZR5
449,G5G1D5R1
450,6HWZ1YRV
451,3D9UW7P8
452,NP4W4S2F
453,8FF3SFEF
454,VU1GL1RE
455,A6ESBZ9C
456,9NRTY3FJ
457,5GT5Q5RP
458,R4MZP467
459,KX16FP4Z
460,EU96NDP0
461,P44XRJIB
462,29RPP3QD
463,GG6B1M4Z
464,DRRM0SIX
465,49BYTMT4
466,WL9HE290
467,DX4NJYZ7
468,AW641MHX
469,5EVYAEL0
470,YAI3C6M2
471,1B8GE2VE
472,BP6FZJK2
473,K7P3GWX6
474,7QFV23WT
475,D2MWRQKM
476,UFSZTUER
477,4AUZJ4ML
478,MDCXRJSI
479,AKF8JCG2
480,YR4RL6RQ
481,DGEZ1RB4
482,0ULTH6RC
483,ZMFGA2GT
484,7CGJHEWH
485,LFRD7LG7
486,MUZ1H9CO
487,XFRW4QBM
488,J5BS52MG
489,GBGWK0Z1
490,CT0WNWVJ
491,ROL883E1
492,4C16R8J7
493,R05YR33F
494,L4JICPWS
495,W4TPIBQ8
496,V4MHC657
497,4GZD6SBL
498,8BVLM69W
499,747BGYSO
500,08UFOA55
501,8QAB2R3I
502,HCSDU1BR
503,VXHNKIAM
504,BFX4XRYL
505,K631H6U9
506,ELUDYVGC
507,Q9WD9NBL
508,E2I2OJ9Y
509,TFJQH5BY
510,OLRTDYVC
511,FNHN95DY
512,R45COD7T
513,88RBKKJT
514,92LICE91
515,BEZZJW83
516,O6XC6IQ5
517,OWRTR7NS
518,2C4MYCRF
519,CE58622K
520,QQEHS8HL
521,UOHRICLP
522,GLJMG3EX
523,RVQG3QOF
524,YAGU6VJO
525,2KVXJ8LP
526,ZF19T63J
527,PL0KNQF5
528,Z7257KT2
529,SG3YRA65
530,QZ49H58Y
531,P1QISS5D
532,V80SKFTG
533,TPG23UQ0
534,9M4QB1ME
535,DPHZPPTC
536,6260YYOT
537,XQML0N9L
538,1971LWE5
539,U3EXWP1K
540,IDGM2VIH
541,5W3XH86B
542,HEVKOU08
543,CXYQK02R
544,1EWM57JC
545,OCBXPFRG
546,R4IPFIMM
547,MT39U14A
548,W6ISNMNF
549,4FY1R0T0
550,R6UAZQCP
551,5HA165U8
552,XS7KWNBW
553,HVV4EQDE
554,S91ZXEE3
555,OJZ18Y61
556,0U849JPN
557,QV3872E3
558,R709Q0YB
559,8LIM0XWJ
560,28WS7HEM
561,JCXFEKKC
562,HQ98MURK
563,UG9L45BW
564,X4SNBW6J
565,QZ9SKL37
566,TAPUL0OD
567,IFYFZS9F
568,KWI5YIED
569,BW88S7YS
570,11QYEW3J
571,6AS36VAN
572,XHAFD7DT
573,51G5FDEM
574,C1MGYF49
575,OADATKGB
576,HRXX11XC
577,LFSAVO0A
578,CI3PHZ3P
579,B3I9RAYJ
580,YWG5U3TR
581,YIN49U7A
582,UOWD4O55
583,84A2ZSIC
584,8C2K5LP8
585,J98MY5S1
586,BJSL2XN7
587,M0YSNP5H
588,RP11RQMD
589,VTI5C70B
590,XBY88JTN
591,SOLKY6UC
592,L28TE8Q0
593,FXKYUOZL
594,FR599CI9
595,LE05F9PD
596,LWYO143R
597,DCNFNHQE
598,Y7JGE66B
599,4WJ0OHX6
600,S8LOQSXX
601,BMOT6VN8
602,4D79U12Y
603,0XGSSQ5A
604,UO0WZV0G
605,H2YPXZFQ
606,DR25IEMP
607,1XS6107X
608,RH60UT4H
609,60ACIPXJ
610,LBMND15T
611,4N4QK172
612,OQXECQXD
613,8DW2YQKH
614,1DK1MA62
615,CN2BDSGA
616,43P42MRC
617,IC4GGBJP
618,2UFXC7LS
619,BNEPI6DY
620,LPXZR9HI
621,RAHJ5F5Y
622,MDEEMM6G
623,XEWA3DU2
624,H7L51R5J
625,9CNXCCL3
626,1XPGJZFW
627,8EUFKQSL
628,CWFGTMLS
629,D8HCTIG4
630,NRKNCYTL
631,E1VJ5YB0
632,EF9W6VBM
633,BHBT84XE
634,09OVUPKZ
635,KW07LHRM
636,KIG9L2RL
637,DPMOE6AA
638,DQOXJJEH
639,TZWZW513
640,T0WWBZB5
641,BMM85XR7
642,X1ONKKTH
643,76AOB45U
644,45E94CTW
645,TW0IMIEP
646,HZ6IH0RU
647,C1367E04
648,LVHFHIJ7
649,E3BHA0B3
650,COQWL7JW
651,VN8FD9DI
652,ZT7MQLDA
653,2G53GF3G
654,YFX5J7FT
655,78PX67WA
656,R3B1OXKY
657,8MH9ED4D
658,Y5F88UOW
659,H6YX0QEU
660,JWZW2XFF
661,8W3P6N23
662,CYSO0QL1
663,UERWOZ2K
664,68RC313X
665,7NNQMIG4
666,F99DLY31
667,F0LDXWTX
668,G06FKNO1
669,Y3Y2SMDO
670,UTHOUDTN
671,6TCDDZ07
672,8XJ3O3RZ
673,A217HQ41
674,28XWLS80
675,OQ3OKBH0
676,SG4SVVJT
677,ZSAH0EVM
678,WWHBIZV4
679,H75YT3IV
680,DXH9S12D
681,81C8RCV9
682,88YKFIUO
683,UBRXW3CV
684,5A3WWIYL
685,HBA8NHF3
686,X3JSSDRM
687,4WWQODEF
688,UHIXB5R0
689,QC4AZGRF
690,DCKLCB4R
691,OT5Z0U07
692,GMG1Z3CQ
693,IXXK7PPC
694,MC66I3RA
695,FZJ7SJ85
696,HKRP3NJL
697,KE3YKMQ6
698,9XCF0PT8
699,UIQAKF6X
700,62QWLK7E
701,I3EY2NYG
702,797YYYC9
703,ZQ0PEGKR
704,AHT1RQ22
705,M7ZG51EA
706,Y2LCVP0D
707,8CI4MNWQ
708,JV1CQS6Z
709,XBNY6JOV
710,XMLGOLXM
711,DCEDYVW9
712,1HYRANY1
713,UW9DO3VH
714,LHP6R439
715,WL8BVYK7
716,C19E5XCP
717,LECMMND4
718,A8F9B2RP
719,W9E4XJTX
720,85TMRYV6
721,B7L17FZ4
722,Q9JERJLS
723,Z528A7XD
724,GDCP3N0H
725,NUNJRK86
726,KB7TDXRQ
727,II2KBXWX
728,FH6078ZL
729,LAXMM0SQ
730,KDQ7YT6X
731,FBGUJ02I
732,X0IWHXTO
733,M2T974Q9
734,QNVJWQSQ
735,RJH2O4XG
736,45MPAZI7
737,7Z8TTTCR
738,5X2UWLKK
739,O1V2S02P
740,BAUERRTE
741,UAX4AA2J
742,9A5WHTMA
743,3G9PKCK8
744,9RIXJN7T
745,NFMNOKT6
746,L7X825FG
747,Q6IHT3HY
748,UBHEKLHX
749,R27G08CC
750,TJ8IL0BE
751,WELD8XKB
752,W4WMCBQG
753,QXQZJMV8
754,HFF2OU95
755,OX0Z2ZM6
756,L0QN37PV
757,7CBKAHVD
758,JSH2PEE8
759,Q3G5HK17
760,38ODO95Q
761,TSE34S0N
762,BRA1C3P3
763,270ARR7Y
764,EBUK9OZF
765,V1A56YFR
766,3EO6NT3U
767,C3F3GK6H
768,NT252BAE
769,9MAEN3YK
770,7Z16XDQP
771,63OGBDE2
772,Z85XGRU7
773,70RV6JIX
774,P7DILJYZ
775,FMUS852H
776,MYPIEK40
777,X8ODQQI9
778,UDZE82LP
779,KO9CPOTO
780,7L66QFKH
781,OV4BVNJZ
782,MBIWTPZ4
783,15D7XP0I
784,KEDGS3BG
785,QXD2ZVT6
786,IRU6WFDP
787,BD0JRZKU
788,AMSQMPDW
789,ESNWIXND
790,S7W23YSF
791,TYP7YVL9
792,9WBERGA1
793,XFSS5BCR
794,X5A678KT
795,C327QRSZ
796,VHTNFKNU
797,QIF4FWIG
798,KR26S09F
799,DKEPW0SJ
800,5XYZOMRP
801,8PIXMHNH
802,AQO1AC96
803,G56T21SD
804,QFA1Y5VJ
805,3UOTWBDP
806,6APC8EOG
807,Z3K4C3NR
808,WHNMFOP3
809,83PMF1XZ
810,HS8WLZBW
811,UFVO2LVU
812,5O4KHAKS
813,AWE50VDC
814,UWZFSO8P
815,B4OD1UJE
816,KGHO6758
817,ZVK4VUKP
818,FCVR4I8I
819,J99Y40M9
820,ACDYJ5L3
821,GDE927B3
822,UIE8ZVG3
823,PNCC2KFB
824,IPVW4HHC
825,EFVXSHIB
826,QPCFB2JD
827,L44BD9NO
828,XRYOQOE3
829,M1N6R5MP
830,LGW2Q1L4
831,HKWSAS55
832,Z2DT8O9W
833,VCL38LM6
834,4BYTLTLN
835,L6A5LGPV
836,OZFFTO4M
837,NR8IMFL7
838,5J4T4E78
839,UHKSDVXB
840,2MPSOC3V
841,VDKPWRT8
842,JKHOF3QS
843,CGGN1ZY8
844,EWG25X5E
845,JZSK0A35
846,N7GXK1XL
847,JAITRJL3
848,Q1JXOS74
849,J6BTVFQR
850,IBP82631
851,E6K50CD2
852,OKB93F9V
853,GA2MS57K
854,S09EPOQF
855,Y0FLM931
856,L4JASLZ7
857,3820X29R
858,W5IIFB0Y
859,AUW4BBSM
860,H28SZ1L4
861,PU5487RF
862,XVTCA1TV
863,WUIJ1LPK
864,Y95ZNI1U
865,3WEAKFKQ
866,UECG7H87
867,SUWI13N2
868,FJF4HH4J
869,GKUGSOIF
870,YKTERIUQ
871,VFWUAI9A
872,IIZPZS3O
873,ID60DB67
874,T3S5WN7R
875,274UVLCK
876,LBW2I96R
877,XCKVU0AF
878,TXA9LPQM
879,87H6HLTJ
880,Z3ZF78WH
881,QQ28SXA9
882,TH64MXIC
883,322VH26L
884,K7D88OOT
885,OQUI86W4
886,NS1PIZVH
887,AE1JM4JI
888,LX61LYJ2
889,8CIXMJ2B
890,XDO0UKF6
891,F6N64521
892,T3NYWVH6
893,SU4GQOVI
894,NL8D6JTM
895,0WR43CEE
896,IVFZTWQW
897,P1F5IVDC
898,D0WTRULU
899,K7R48MBR
900,O5ADK3FQ
901,6A1SYVLJ
902,Q8D9P3QW
903,HT2ND7ES
904,9905GIE7
905,I6588SSP
906,YP4BKYZF
907,AI1WLJWO
908,RQRAX5LQ
909,K7WXJ8IU
910,4S8N5GZK
911,OE1TNFTH
912,0EQ6QNU0
913,1P2LHDT0
914,OS744L99
915,GP5UV15E
916,MRJ71UVY
917,1WZ4HJBZ
918,1BDS03VB
919,AN935WB7
920,0DAB7ZK5
921,IXX7G99I
922,N42GHVDO
923,3HHY4AZP
924,R7DLHBPD
925,8S2A87RQ
926,6DSPKGLC
927,9NSCGOFQ
928,SXLW9VAT
929,1L4TMYFL
930,3BBAZJN5
931,TYXYF0LN
932,7GIM29Z2
933,FFIHWFNE
934,NZIACEQK
935,K4YOTNHC
936,VE0JZV2S
937,2E33DG4L
938,JWYTLJHT
939,PLCCRIFU
940,YVB672CY
941,ZI9ZY0HB
942,QUH63SDG
943,S0ZCKDPP
944,YQ8840UV
945,5635Z6ZL
946,21U79OT0
947,8ISXAI3S
948,FJPZUAUC
949,Y4P69I3H
950,XSRFMLQP
951,I8T8I6ZX
952,ISBO0BCX
953,9F92Z5A7
954,0SM16DLA
955,0SXVGGP4
956,JQHD57HU
957,E2U3D8ZM
958,YQA22OK5
959,6B7E4XN1
960,A79GUS3B
961,BDGQKIDJ
962,ZIK98VZG
963,EGR4DBB4
964,03MP8MM8
965,XEG8HO8E
966,C49Z74KK
967,90KMHN95
968,7B0A1EXM
969,X05FE4B6
970,O2O22MWQ
971,TVBPL7P2
972,7WFW4TX4
973,RNCO3T27
974,TLC25CBP
975,0870V5YL
976,RLBG0EN9
977,CQGEYKZP
978,RFE1C5Q5
979,WA19STX7
980,0MAAD61G
981,5AQISA1J
982,EF1I0AVZ
983,Q9DB18FA
984,T9AFLXYM
985,640HTAZ4
986,WRADK4SU
987,SHAGH2IR
988,XJ9X9QAF
989,EQWUHFDI
990,8ZASUXTI
991,2A3TDCIY
992,ZM5LK5AK
993,DFLL7SPA
994,34LN3NMZ
995,RFOEJZNB
996,TIM1PCWK
997,3MH8PQCS
998,YEA8TLMX
999,M9LWBYK6
1000,JD7UZYEP
